event_type_name,n_event,n_account,events_per_account,n_months,events_per_account_per_month
like,3655512,13740,266.04890829694324,3.5,76.01397379912665
message,2494761,13740,181.56921397379912,3.5,51.876918278228324
post,1547193,13740,112.60502183406113,3.5,32.172863381160326
adview,1474826,13740,107.33813682678311,3.5,30.668039093366605
reply,920112,13740,66.96593886462882,3.5,19.13312538989395
dislike,597505,13740,43.48653566229986,3.5,12.424724474942817
newfriend,253418,13740,18.44381368267831,3.5,5.269661052193803
unfriend,11789,13740,0.8580058224163027,3.5,0.2451445206903722
